"Time (s)"	"Linear Acceleration x (m/s^2)"	"Linear Acceleration y (m/s^2)"	"Linear Acceleration z (m/s^2)"	"Absolute acceleration (m/s^2)"
2.073983334E-2	-3.828125310E-1	9.024814832E-1	-2.223589693E0	2.430096579E0
3.071183334E-2	-6.285651577E-1	9.711283797E-1	-1.333305502E0	1.765187823E0
4.068383334E-2	-1.560551691E0	1.273797219E0	2.017646080E-1	2.024497442E0
5.065483334E-2	-2.526222572E0	1.220866761E0	1.421993145E0	3.145533442E0
6.062683334E-2	-3.270335728E0	1.051010409E0	2.495123278E0	4.245628202E0
7.059883334E-2	-3.630186535E0	7.440049821E-1	3.128040519E0	4.849374721E0
8.057083334E-2	-3.282518109E0	4.409186518E-1	3.435065534E0	4.771688340E0
9.054283334E-2	-2.200603996E0	2.283738247E-1	3.399600416E0	4.056118285E0
1.005138333E-1	-1.017655844E0	-3.603755951E-2	2.897044510E0	3.070796154E0
1.104858333E-1	-4.934757650E-2	-1.938550794E-1	2.152631392E0	2.161905846E0
1.204578333E-1	4.555805451E-1	-9.213720828E-2	1.281063554E0	1.362779045E0
1.304298333E-1	6.982978821E-2	1.934524986E-1	4.668329269E-1	5.101304246E-1
1.404008333E-1	-5.813412899E-1	2.882007810E-1	2.315678662E-1	6.889419875E-1
1.503728333E-1	-6.263017005E-1	-2.441124827E-2	3.877499199E-1	7.370208474E-1
1.603448333E-1	-1.644704819E-1	-4.962923688E-1	8.248982871E-1	9.766339328E-1
1.703168333E-1	8.691769123E-2	-8.316676086E-1	1.333839353E0	1.574278602E0
1.802888333E-1	2.418466866E-1	-1.006002928E0	1.720841998E0	2.007941457E0
1.902598333E-1	2.893167222E-1	-1.071053495E0	1.759241248E0	2.079853246E0
2.002318333E-1	1.003388053E-1	-9.223678637E-1	1.435541729E0	1.709271894E0
2.102038333E-1	-1.571339804E-1	-7.129784864E-1	9.010524237E-1	1.159708964E0
2.201758333E-1	-2.930840832E-1	-6.854804930E-1	1.829248792E-1	7.676218454E-1
2.301478333E-1	1.380206019E-1	-7.395344934E-1	-4.818000448E-1	8.933600823E-1
2.401188333E-1	1.256237445E0	-6.666910502E-1	-8.086319178E-1	1.635999711E0
2.500908333E-1	2.221785243E0	-6.527898797E-1	-5.717769992E-1	2.385244899E0
2.600628333E-1	2.254143734E0	-1.024144207E0	8.473784924E-3	2.475905316E0
2.700348333E-1	1.611151741E0	-1.485520220E0	6.346719897E-1	2.281532115E0
2.800068333E-1	6.441175818E-1	-1.464646245E0	1.052813982E0	1.915331137E0
2.899778333E-1	-5.650591332E-1	-8.704168144E-1	1.223184890E0	1.604088068E0
2.999498333E-1	-1.657352931E0	-2.841694182E-1	1.152341779E0	2.038495173E0
3.099218333E-1	-2.785153946E0	-2.676545423E-1	6.422359478E-1	2.870747023E0
3.198938333E-1	-2.603365180E0	-7.104460573E-1	-2.426804996E-1	2.709453393E0
3.298648333E-1	-9.920710596E-1	-1.015141541E0	-9.812364614E-1	1.725555658E0
3.398368333E-1	7.469274205E-1	-1.064521570E0	-1.226862788E0	1.787819634E0
3.498088333E-1	1.909852952E0	-1.393109069E0	-9.868076885E-1	2.561655830E0
3.597808333E-1	2.085689836E0	-1.495886748E0	-6.110784745E-1	2.638407884E0
3.697528333E-1	1.955628757E0	-1.408010991E0	-5.691200244E-1	2.476060659E0
3.797238333E-1	1.280757452E0	-1.142629554E0	-7.818241882E-1	1.886051698E0
3.896958333E-1	9.154342353E-2	-7.265329170E-1	-1.262384039E0	1.459398417E0
3.996678333E-1	-8.036705554E-1	-8.680127317E-1	-2.023742387E0	2.344112991E0
4.096398333E-1	-9.193425143E-1	-1.356468954E0	-2.400941007E0	2.906839590E0
4.196118333E-1	-1.397372567E0	-1.411502656E0	-1.289543771E0	2.368103244E0
4.295828333E-1	-1.380235255E-3	-1.090398423E0	1.528752193E0	1.877778979E0
4.395548333E-1	4.128786215E-1	-1.390501504E0	1.108459010E0	1.825553222E0
4.495268333E-1	-8.799995238E-1	-1.871032703E0	-1.163364365E0	2.372462683E0
4.594988333E-1	-1.514643154E0	-1.286129728E0	-1.026496249E0	2.236508017E0
4.694708333E-1	-1.937158280E0	-4.791908710E-1	-6.360718131E-1	2.094467341E0
4.794418333E-1	-1.267541867E0	5.644909300E-1	9.485639745E-1	1.680799218E0
4.894138333E-1	-1.795343712E-2	1.720217370E0	3.796576658E0	4.168148803E0
4.993858333E-1	1.276090497E0	3.648634501E0	8.300466435E0	9.156346636E0
5.093578333E-1	7.593413517E-2	4.946929214E0	9.555061982E0	1.075997603E1
5.193298333E-1	-3.147426962E0	4.875994010E0	1.180875139E1	1.315781986E1
5.293008333E-1	-6.597863072E0	4.347054882E0	1.073229770E1	1.332707384E1
5.392728333E-1	-7.508273379E0	5.088360497E0	1.017366290E1	1.362971014E1
5.492448333E-1	-7.659342628E0	6.228164676E0	1.272701684E1	1.610690915E1
5.592168333E-1	-7.623423182E0	4.756156202E0	1.206007407E1	1.503938129E1
5.691878333E-1	-5.289525765E0	4.640291870E0	1.067510608E1	1.278551060E1
5.791598333E-1	-3.798197506E0	3.474555289E0	7.393815302E0	9.009292063E0
5.891318333E-1	-4.193640608E0	1.090319193E0	4.460353748E0	6.218534638E0
5.991038333E-1	-4.314606051E0	-6.623056385E-1	2.074076389E0	4.832832192E0
6.090758333E-1	-3.467536876E0	-1.445496321E0	-3.423135459E-2	3.756919401E0
6.190468333E-1	-2.844478042E0	-2.122540159E0	-1.362269100E0	3.801579824E0
6.290188333E-1	-1.653184305E0	-3.373447575E0	-1.849847948E0	4.187493799E0
6.389908333E-1	1.954025450E0	-4.924671203E0	-3.790556949E-1	5.311712072E0
6.489628333E-1	1.494158604E0	-6.663630799E0	6.520458215E-1	6.860149351E0
6.589348333E-1	3.270347714E-3	-7.404494072E0	-1.323740042E0	7.521890112E0
6.689058333E-1	-1.443120305E0	-7.547140991E0	-3.367712041E0	8.389482567E0
6.788778333E-1	-2.948582161E0	-8.440017253E0	-2.956339370E0	9.416367159E0
6.888498333E-1	-3.792932673E0	-9.624697058E0	-4.486911217E0	1.127623625E1
6.988218333E-1	-2.736528500E0	-9.272646144E0	-7.288836731E0	1.210775353E1
7.087938333E-1	-1.366700412E0	-8.814054283E0	-6.823656812E0	1.123021439E1
7.187648333E-1	-1.434124656E0	-9.723594525E0	-5.148477475E0	1.109557679E1
7.287368333E-1	-9.327183124E-1	-1.062322140E1	-4.777312013E0	1.168526878E1
7.387088333E-1	-1.271523821E-1	-1.130053830E1	-5.359751995E0	1.250780856E1
7.486808333E-1	8.254093337E-1	-1.175817063E1	-6.797609221E0	1.360673981E1
7.586528333E-1	1.051928714E0	-1.150560834E1	-8.319817795E0	1.423744870E1
7.686238333E-1	2.263926418E-1	-1.082767865E1	-9.398143179E0	1.433928080E1
7.785958333E-1	-2.550286496E-1	-9.638834456E0	-9.819177790E0	1.376184660E1
7.885678333E-1	-2.468896177E-1	-8.566627014E0	-9.422134890E0	1.273674522E1
7.985398333E-1	-2.935259865E-1	-7.953737072E0	-8.915552591E0	1.195136682E1
8.085118333E-1	1.552041069E-1	-7.610316063E0	-7.994424337E0	1.103865116E1
8.184828333E-1	6.813141326E-1	-7.400370616E0	-7.700312898E0	1.070161170E1
8.284548333E-1	7.246008508E-1	-7.409337906E0	-9.766921223E0	1.228072004E1
8.384268333E-1	3.042404245E-1	-7.295659263E0	-1.093892310E1	1.315215742E1
8.483988333E-1	-5.218089601E-1	-6.519993362E0	-1.145805995E1	1.319354902E1
8.583698333E-1	-9.402815397E-1	-5.304235021E0	-1.060049444E1	1.189073256E1
8.683418333E-1	-1.055199793E0	-4.151345943E0	-9.314908649E0	1.025254324E1
8.783138333E-1	-1.412794306E0	-3.152776580E0	-7.991804785E0	8.706602760E0
8.882858333E-1	-1.153925132E0	-2.402478532E0	-7.067790345E0	7.553615470E0
8.982578333E-1	-7.223056725E-1	-2.483302255E0	-6.994535843E0	7.457348539E0
9.082288333E-1	8.135404726E-2	-2.332315160E0	-6.462208253E0	6.870694870E0
9.182008333E-1	1.086808525E0	-1.699532406E0	-4.743265430E0	5.154428204E0
9.281728333E-1	1.573628404E0	-1.514823249E0	-1.955096660E0	2.931449945E0
9.381448333E-1	2.140152557E0	-1.381807279E0	3.320353687E0	4.185020064E0
9.481168333E-1	2.741384028E0	-8.221547735E-1	1.012334176E1	1.052013181E1
9.580878333E-1	3.314423441E0	9.910825878E-2	1.502570818E1	1.538723924E1
9.680598333E-1	3.422744281E0	-2.872853994E-2	1.860885737E1	1.892103529E1
9.780318333E-1	4.577890384E0	-1.100429029E0	2.381785411E1	2.427876024E1
9.880038333E-1	6.667192338E0	-9.914493544E-1	2.790473742E1	2.870729517E1
9.979758333E-1	8.328874547E0	-2.855276533E-1	3.040613886E1	3.152752698E1
1.007946833E0	9.756686257E0	-1.393118864E-1	3.194993243E1	3.340674358E1
1.017918833E0	1.013264702E1	-2.818962949E-1	3.192651550E1	3.349705051E1
1.027890833E0	1.062120879E1	-1.952909180E-1	2.986391720E1	3.169703085E1
1.037862833E0	1.135975773E1	-1.540818435E-1	2.708334396E1	2.936963324E1
1.047834833E0	1.088145432E1	-3.165577304E-1	2.405401380E1	2.640268616E1
1.057805833E0	9.070692671E0	-3.880176858E-1	2.086865653E1	2.275805019E1
1.067777833E0	5.716170779E0	8.669001527E-2	1.674478607E1	1.769378377E1
1.077749833E0	4.753722006E-1	1.402083961E0	1.293482572E1	1.301927550E1
1.087721833E0	-5.850852036E0	3.644952801E0	1.043537141E1	1.250660333E1
1.097693833E0	-1.003654218E1	5.693969486E0	9.206196631E0	1.476169109E1
1.107664833E0	-1.255100981E1	6.700020946E0	8.094574862E0	1.636888115E1
1.117636833E0	-1.464609524E1	6.905608463E0	6.987156656E0	1.763564266E1
1.127608833E0	-1.662915738E1	7.255436851E0	6.494151592E0	1.927029434E1
1.137580833E0	-1.934794075E1	7.688690388E0	5.803504207E0	2.161340862E1
1.147552833E0	-2.256424850E1	8.336646082E0	4.480495067E0	2.446875179E1
1.157523833E0	-2.561198102E1	8.755663403E0	2.832368458E0	2.721502387E1
1.167495833E0	-2.709369587E1	8.305857568E0	1.647725490E0	2.838609915E1
1.177467833E0	-2.659376127E1	6.739791952E0	1.126874816E0	2.745765432E1
1.187439833E0	-2.499965592E1	4.741166572E0	1.157446398E0	2.547157511E1
1.197411833E0	-2.279379381E1	2.386164800E0	1.723046399E0	2.298303086E1
1.207382833E0	-2.088658175E1	-1.845504051E-1	2.357903745E0	2.102006342E1
1.217354833E0	-1.959462308E1	-2.153992917E0	2.928170993E0	1.992895192E1
1.227326833E0	-1.872838732E1	-3.773872212E0	2.755966984E0	1.930258939E1
1.237298833E0	-1.789158527E1	-5.026456025E0	2.152005156E0	1.870842617E1
1.247270833E0	-1.698804895E1	-6.270149438E0	1.140039822E0	1.814409744E1
1.257241833E0	-1.598586893E1	-7.457852254E0	-3.413019776E-2	1.763997536E1
1.267213833E0	-1.514713263E1	-8.277909631E0	-7.601859820E-1	1.727823189E1
1.277185833E0	-1.445094091E1	-8.958799767E0	-1.376417023E0	1.705826223E1
1.287157833E0	-1.376841297E1	-9.764202268E0	-1.936028890E0	1.698991023E1
1.297129833E0	-1.287558875E1	-1.046010045E1	-2.288503143E0	1.674609607E1
1.307100833E0	-1.194862029E1	-1.123677909E1	-2.704667022E0	1.662377680E1
1.317072833E0	-1.128588050E1	-1.215306117E1	-3.001656461E0	1.685461171E1
1.327044833E0	-1.065722880E1	-1.267388670E1	-2.869704684E0	1.680592559E1
1.337016833E0	-9.916779513E0	-1.295777136E1	-2.012603441E0	1.644070945E1
1.346988833E0	-9.137235739E0	-1.383060512E1	-1.205773051E0	1.662012646E1
1.356959833E0	-8.012368273E0	-1.471663956E1	-6.765170038E-1	1.677006859E1
1.366931833E0	-7.050187887E0	-1.497973035E1	-7.354844195E-1	1.657221795E1
1.376903833E0	-6.281434565E0	-1.493433023E1	-1.308251352E0	1.625429670E1
1.386875833E0	-6.286259687E0	-1.502747520E1	-1.660478268E0	1.637373690E1
1.396847833E0	-5.974955680E0	-1.492867831E1	-2.364656695E0	1.625291152E1
1.406818833E0	-5.641663803E0	-1.484307975E1	-2.995772992E0	1.615920922E1
1.416790833E0	-5.257029864E0	-1.484699622E1	-3.080137789E0	1.604857964E1
1.426762833E0	-4.425668065E0	-1.497851647E1	-2.737454699E0	1.585673837E1
1.436734833E0	-3.778865442E0	-1.513147378E1	-2.629070710E0	1.581623646E1
1.446706833E0	-3.494585803E0	-1.510656932E1	-2.691832384E0	1.573742445E1
1.456677833E0	-3.160562732E0	-1.519090488E1	-2.790950291E0	1.576521968E1
1.466649833E0	-2.909455518E0	-1.557515115E1	-2.724120709E0	1.607703637E1
1.476621833E0	-2.415144040E0	-1.610125321E1	-2.769567023E0	1.651525892E1
1.486593833E0	-1.721231423E0	-1.664361053E1	-2.907241470E0	1.698306397E1
1.496565833E0	-1.134050884E0	-1.701639625E1	-3.220557504E0	1.735556981E1
1.506536500E0	-6.908397585E-1	-1.737358862E1	-3.993975150E0	1.784014234E1
1.516508500E0	-1.599603783E-1	-1.808527897E1	-4.234026157E0	1.857497995E1
1.526480500E0	8.052912574E-1	-1.892396616E1	-3.726019476E0	1.930409828E1
1.536452500E0	1.441608069E0	-1.990193871E1	-2.523703299E0	2.011304245E1
1.546424500E0	2.202150585E0	-2.073632235E1	-1.020513963E0	2.087788256E1
1.556395500E0	2.883706134E0	-2.095321195E1	2.080281454E-1	2.115174053E1
1.566367500E0	3.012099588E0	-2.058504318E1	8.588548225E-1	2.082196865E1
1.576339500E0	2.307994251E0	-2.024040829E1	1.852103219E0	2.045559218E1
1.586311500E0	9.429126406E-1	-1.974883287E1	3.749746308E0	2.012376907E1
1.596282500E0	5.616054752E-1	-1.891623497E1	6.119803491E0	1.988947815E1
1.606254500E0	6.773905778E-1	-1.852013757E1	8.055131299E0	2.020741185E1
1.616226500E0	1.042850327E0	-1.818488512E1	9.754992319E0	2.066246497E1
1.626198500E0	1.271857697E0	-1.737231744E1	1.088057139E1	2.053781559E1
1.636170500E0	1.147656990E0	-1.622386815E1	1.196688933E1	2.019250987E1
1.646141500E0	6.696991503E-1	-1.454375727E1	1.368496969E1	1.998118535E1
1.656113500E0	5.863845134E-1	-1.271676901E1	1.560091398E1	2.013575372E1
1.666085500E0	9.074182874E-1	-1.111318649E1	1.749024525E1	2.074210696E1
1.676057500E0	1.448340114E0	-9.643278340E0	1.947520423E1	2.178013053E1
1.686029500E0	2.606232070E0	-8.268494444E0	2.113812429E1	2.284689792E1
1.696000500E0	3.190972931E0	-7.532309529E0	2.232644691E1	2.377789366E1
1.705972500E0	4.032410653E0	-7.236908194E0	2.299329145E1	2.444022561E1
1.715944500E0	4.444507209E0	-7.058528940E0	2.359331635E1	2.502440912E1
1.725916500E0	4.260822777E0	-7.201144284E0	2.447539456E1	2.586611739E1
1.735888500E0	4.120989538E0	-7.132740047E0	2.563825840E1	2.692914461E1
1.745859500E0	4.143719419E0	-6.920188496E0	2.761130075E1	2.876531503E1
1.755831500E0	4.771458950E0	-6.739355750E0	2.966779223E1	3.079551318E1
1.765803500E0	4.051508828E0	-6.020524786E0	3.194618787E1	3.276004216E1
1.775775500E0	1.550531902E0	-4.897885985E0	3.337317513E1	3.376628872E1
1.785747500E0	-1.442757778E0	-3.280333589E0	3.216877500E1	3.236776519E1
1.795718500E0	-4.167428125E0	-1.740427832E0	2.862331111E1	2.897741336E1
1.805690500E0	-5.444875760E0	-7.142312524E-1	2.432031939E1	2.493260382E1
1.815662500E0	-6.293354114E0	-3.259512824E-1	2.197363528E1	2.285942251E1
1.825634500E0	-6.644143199E0	-3.436142591E-1	2.254924688E1	2.351023702E1
1.835606500E0	-7.584643278E0	-7.224617931E-1	2.546368627E1	2.657909109E1
1.845577500E0	-1.074661402E1	-4.359409171E-1	2.912034081E1	3.104309918E1
1.855549500E0	-1.557533475E1	8.587147817E-1	3.048848637E1	3.424728084E1
1.865521500E0	-2.098485474E1	2.461685099E0	2.911269967E1	3.597184043E1
1.875493500E0	-2.523299490E1	4.170620412E0	2.509699335E1	3.583234826E1
1.885465500E0	-2.751099762E1	6.020010231E0	2.115733824E1	3.522397585E1
1.895436500E0	-2.859278397E1	7.037284836E0	1.945409578E1	3.529210274E1
1.905408500E0	-3.021357601E1	6.513040438E0	1.989921156E1	3.675946806E1
1.915380500E0	-3.186091208E1	4.846354474E0	2.138288406E1	3.867599515E1
1.925352500E0	-3.251173057E1	2.858926511E0	2.192350359E1	3.931699499E1
1.935324500E0	-3.341714619E1	1.112169872E0	2.063911589E1	3.929269253E1
1.945295500E0	-3.418967096E1	-3.595107188E-1	1.797274813E1	3.862748405E1
1.955267500E0	-3.371325153E1	-1.805623117E0	1.452508945E1	3.675352809E1
1.965239500E0	-3.189011307E1	-3.413917909E0	1.088116664E1	3.386788944E1
1.975211500E0	-2.964023079E1	-5.121769148E0	7.748456533E0	3.106146132E1
1.985183500E0	-2.760296263E1	-6.786781347E0	5.460681369E0	2.894482661E1
1.995154500E0	-2.571338109E1	-8.537204994E0	4.936082629E0	2.753954880E1
2.005126500E0	-2.319410121E1	-1.065164354E1	5.611882764E0	2.613268202E1
2.015098500E0	-2.055087673E1	-1.276720359E1	5.488951487E0	2.480863983E1
2.025070500E0	-1.781803081E1	-1.431674263E1	4.863759003E0	2.336894292E1
2.035042500E0	-1.533502004E1	-1.546200987E1	4.536158806E0	2.224439986E1
2.045014500E0	-1.382711901E1	-1.652722287E1	5.054323854E0	2.213333472E1
2.054985500E0	-1.287919999E1	-1.743997323E1	5.697955533E0	2.241635911E1
2.064957500E0	-1.217069170E1	-1.793270055E1	5.191190216E0	2.228577891E1
2.074929500E0	-1.140394748E1	-1.869618203E1	3.571485752E0	2.218902321E1
2.084901500E0	-1.020761300E1	-1.941961826E1	2.088970417E0	2.203816539E1
2.094872500E0	-9.092878761E0	-1.939858465E1	1.975226870E0	2.151481006E1
2.104844500E0	-8.386563177E0	-1.962776978E1	3.445072458E0	2.162064552E1
2.114816500E0	-7.594540275E0	-2.023869857E1	4.294593955E0	2.203918099E1
2.124788500E0	-6.601093658E0	-2.078783632E1	4.412009554E0	2.225251457E1
2.134760500E0	-5.856230305E0	-2.123839235E1	4.381523341E0	2.246246847E1
2.144731500E0	-5.622884885E0	-2.135061445E1	5.001966131E0	2.263813678E1
2.154703500E0	-5.144013711E0	-2.124615277E1	5.781643807E0	2.261166269E1
2.164675500E0	-4.714033445E0	-2.149719245E1	6.498293175E0	2.294731376E1
2.174647500E0	-4.481230062E0	-2.170123455E1	6.732930830E0	2.315939035E1
2.184619500E0	-4.057221850E0	-2.164850202E1	6.243246399E0	2.289316087E1
2.194590500E0	-3.204752187E0	-2.143855423E1	5.273989713E0	2.230912396E1
2.204562500E0	-2.468380453E0	-2.099647199E1	4.234751211E0	2.156102632E1
2.214534500E0	-1.932234924E0	-2.071494960E1	2.959105103E0	2.101425640E1
2.224506500E0	-9.922385093E-1	-2.054942662E1	1.776040007E0	2.064988595E1
2.234478500E0	3.909494067E-3	-2.078154003E1	8.810719031E-1	2.080020935E1
2.244449500E0	7.302741849E-1	-2.132458498E1	3.627524883E-2	2.133711651E1
2.254421500E0	1.505506003E0	-2.192089339E1	2.922584563E-2	2.197255037E1
2.264393500E0	2.562432040E0	-2.268361824E1	7.683364159E-1	2.284081730E1
2.274365500E0	3.618363465E0	-2.358764455E1	1.500053474E0	2.391066060E1
2.284337500E0	4.810696691E0	-2.408202430E1	2.474548973E0	2.468218162E1
2.294308500E0	5.611942990E0	-2.410688198E1	3.156015353E0	2.495187560E1
2.304280500E0	5.583333734E0	-2.415416023E1	3.731686890E0	2.507035219E1
2.314252500E0	5.873991222E0	-2.436460854E1	3.971894310E0	2.537545795E1
2.324224500E0	6.502986735E0	-2.474117390E1	4.243088756E0	2.593103015E1
2.334196500E0	6.637327099E0	-2.524858592E1	4.364536010E0	2.646874339E1
2.344167500E0	6.530369246E0	-2.541823236E1	4.572485803E0	2.663906690E1
2.354139500E0	6.189318699E0	-2.548924562E1	5.535695883E0	2.680770854E1
2.364111500E0	5.753660787E0	-2.589216322E1	6.579981117E0	2.732773097E1
2.374083500E0	5.553646835E0	-2.597849853E1	7.515565442E0	2.760813472E1
2.384055500E0	6.092542602E0	-2.622419619E1	8.281193427E0	2.816745828E1
2.394026500E0	6.846664436E0	-2.723185154E1	9.366846542E0	2.960047916E1
2.403998500E0	6.408431411E0	-2.728855316E1	1.100721039E1	3.011464440E1
2.413970500E0	6.014802700E0	-2.593496952E1	1.197280204E1	2.919158242E1
2.423942500E0	5.788875643E0	-2.435082548E1	1.278605033E1	2.810617131E1
2.433914500E0	4.181272577E0	-2.268854627E1	1.536166346E1	2.771703224E1
2.443885500E0	2.779804328E0	-2.104370346E1	1.902304372E1	2.850334997E1
2.453857500E0	2.638862457E0	-1.994331828E1	2.104397009E1	2.911268136E1
2.463829500E0	2.116120209E0	-1.834269094E1	2.345864328E1	2.985364668E1
2.473801500E0	3.197386158E-1	-1.475376938E1	2.820145087E1	3.182919690E1
2.483773500E0	-3.918532619E0	-9.706696072E0	3.605250733E1	3.754141888E1
2.493744500E0	-9.787937286E0	-3.088380902E0	4.227545805E1	4.350351901E1
2.503716500E0	-1.267979941E1	3.347782099E0	4.373790281E1	4.566168088E1
2.513689375E0	-1.331231845E1	7.594185934E0	4.088625316E1	4.366434679E1
2.523661375E0	-1.012040061E1	1.189039489E1	3.745283596E1	4.057732027E1
2.533633375E0	-6.974622565E0	1.306479061E1	3.852849443E1	4.127685788E1
2.543604375E0	-2.763852247E0	1.197753711E1	4.267583327E1	4.441088853E1
2.553576375E0	2.240798049E0	1.032705525E1	4.455635396E1	4.579233478E1
2.563548375E0	5.421235467E0	9.491569991E0	4.311780325E1	4.448173392E1
2.573520375E0	6.032440242E0	9.638970112E0	3.923932874E1	4.085370240E1
2.583492375E0	3.935278460E0	1.017587899E1	3.487597270E1	3.654269286E1
2.593464375E0	9.710118008E-1	1.025500703E1	3.109088056E1	3.275287601E1
2.603435375E0	-5.844704273E-1	8.716343216E0	2.820672974E1	2.952855986E1
2.613407375E0	-1.551524467E0	6.473664703E0	2.654803370E1	2.736994075E1
2.623379375E0	-3.671499453E0	3.376595131E0	2.546273201E1	2.594671509E1
2.633351375E0	-6.078699903E0	4.175172177E-1	2.416815612E1	2.492437930E1
2.643323375E0	-8.309116221E0	-1.160652426E0	2.263793043E1	2.414258521E1
2.653294375E0	-9.850794854E0	-1.910204954E0	2.035644278E1	2.269519343E1
2.663266375E0	-1.108161621E1	-2.042517504E0	1.702273463E1	2.041439664E1
2.673238375E0	-1.202989776E1	-1.183793660E0	1.299877906E1	1.775072011E1
2.683210375E0	-1.254805696E1	3.960257766E-1	8.906709262E0	1.539285678E1
2.693182375E0	-1.284526392E1	1.691764672E0	5.501951602E0	1.407602018E1
2.703153375E0	-1.257501146E1	2.681069122E0	2.900027175E0	1.318063740E1
2.713125375E0	-1.139570174E1	3.432707936E0	1.414420416E0	1.198524455E1
2.723097375E0	-1.063224365E1	3.431232976E0	4.464156193E-1	1.118111138E1
2.733069375E0	-9.997980967E0	3.177495684E0	-2.816989696E-1	1.049454413E1
2.743041375E0	-9.966734616E0	2.764694538E0	-7.373531896E-1	1.036933096E1
2.753012375E0	-9.611676478E0	1.990778124E0	-1.702810355E0	9.962283140E0
2.762984375E0	-8.779976710E0	1.559692150E-1	-3.334212173E0	9.393044674E0
2.772956375E0	-8.449459337E0	-2.279446975E0	-4.086163521E0	9.658466437E0
2.782928375E0	-9.554452702E0	-4.914808120E0	-3.757641218E0	1.138256442E1
2.792900375E0	-1.106848453E1	-7.787705383E0	-3.881071848E0	1.407914854E1
2.802871375E0	-1.209479367E1	-1.013361766E1	-4.065183712E0	1.629416949E1
2.812843375E0	-1.411662168E1	-1.150109663E1	-3.338038591E0	1.851206992E1
2.822815375E0	-1.602618899E1	-1.233132641E1	-2.782378857E0	2.041180974E1
2.832787375E0	-1.685340979E1	-1.355406808E1	-2.707083092E0	2.179629514E1
2.842759375E0	-1.761744558E1	-1.566664019E1	-2.359031088E0	2.369352299E1
2.852730375E0	-1.783727516E1	-1.800479321E1	-1.886115303E0	2.541453118E1
2.862702375E0	-1.691708831E1	-2.028201240E1	-2.389675176E-1	2.641221326E1
2.872674375E0	-1.447432860E1	-2.236918538E1	2.476656602E0	2.675855884E1
2.882646375E0	-1.133007142E1	-2.364599743E1	5.501258122E0	2.679118425E1
2.892618375E0	-1.031170748E1	-2.385327420E1	9.708270727E0	2.774095387E1
2.902589375E0	-9.690941334E0	-2.259300277E1	1.278956685E1	2.771157047E1
2.912561375E0	-8.818472439E0	-2.122840530E1	1.276481091E1	2.629355521E1
2.922533375E0	-8.869234457E0	-2.099021313E1	9.835673954E0	2.481920323E1
2.932505375E0	-7.480963374E0	-2.076029827E1	5.510201438E0	2.274460633E1
2.942477375E0	-5.251817071E0	-2.061171818E1	1.326522732E0	2.131159711E1
2.952448375E0	-3.634204449E0	-2.063172735E1	-2.172963331E0	2.106175171E1
2.962420375E0	-2.990402910E0	-2.021698435E1	-5.076658464E0	2.105804898E1
2.972392375E0	-3.414027544E0	-1.982892335E1	-6.975431235E0	2.129550249E1
2.982364375E0	-4.349303136E0	-1.937603077E1	-8.158363892E0	2.146871928E1
2.992336375E0	-5.965649251E0	-1.869307014E1	-8.734037476E0	2.147797134E1
3.002307375E0	-7.858196492E0	-1.784447192E1	-8.725364885E0	2.136137689E1
3.012279375E0	-8.857319001E0	-1.692089836E1	-8.881672069E0	2.106307195E1
3.022251375E0	-8.965610020E0	-1.638187278E1	-9.554607654E0	2.097709337E1
3.032223375E0	-8.775036982E0	-1.575850931E1	-9.822317744E0	2.053800904E1
3.042195375E0	-8.391346784E0	-1.486779242E1	-9.945613303E0	1.975806611E1
3.052166375E0	-7.451456569E0	-1.402372813E1	-9.774833091E0	1.864769470E1
3.062138375E0	-6.492579861E0	-1.338896142E1	-9.145500194E0	1.746591122E1
3.072110375E0	-6.116165353E0	-1.260968428E1	-8.818785850E0	1.655846007E1
3.082082375E0	-6.151233444E0	-1.175440035E1	-8.751774420E0	1.589330538E1
3.092054375E0	-7.068629420E0	-1.089190563E1	-8.297790164E0	1.540949226E1
3.102025375E0	-7.864623751E0	-9.915072126E0	-7.093743212E0	1.450800313E1
3.111997375E0	-8.594988348E0	-9.328677088E0	-5.152213846E0	1.369099516E1
3.121969375E0	-8.017418513E0	-8.915498797E0	-2.908823726E0	1.233800526E1
3.131941375E0	-7.161344626E0	-8.833812609E0	-1.228264951E0	1.143808274E1
3.141913375E0	-6.906759195E0	-8.353513545E0	1.002820873E-1	1.083949111E1
3.151884375E0	-6.419734663E0	-8.113490605E0	1.730693972E-1	1.034754444E1
3.161856375E0	-6.200822511E0	-8.203420197E0	5.148549396E-1	1.029618271E1
3.171828375E0	-3.887459054E0	-7.081658771E0	4.457740628E0	9.226791444E0
3.181800375E0	-1.688465673E0	-5.405897051E0	1.166391819E1	1.296617241E1
3.191772375E0	-1.404953043E0	-4.192326154E0	1.872094849E1	1.923599241E1
3.201743375E0	-8.988206877E-1	-2.321140546E0	2.524651834E1	2.536892313E1
3.211715375E0	-1.966598280E0	-1.455769587E-1	2.828759907E1	2.835625086E1
3.221687375E0	-3.714688157E0	2.152462700E0	2.608877468E1	2.643967034E1
3.231659375E0	-3.731241040E0	5.071933329E0	2.093109544E1	2.185766281E1
3.241631375E0	-2.270649547E0	7.147903047E0	1.498360939E1	1.675580251E1
3.251602375E0	1.238332102E-1	7.931260375E0	1.205156053E1	1.442776271E1
3.261574375E0	2.781751159E0	7.781279878E0	1.595023600E1	1.796375474E1
3.271546375E0	5.331596482E0	6.179222896E0	2.256227916E1	2.399302310E1
3.281518375E0	9.032625543E0	4.822474737E0	2.661195079E1	2.851386525E1
3.291490375E0	1.356654370E1	4.407752781E0	2.769371375E1	3.115158381E1
3.301462375E0	1.798351286E1	5.064134898E0	2.565813426E1	3.173943999E1
3.311433375E0	2.137631881E1	7.100226604E0	2.270608090E1	3.198321956E1
3.321405375E0	2.241032639E1	8.825787306E0	2.094223555E1	3.191699360E1
3.331377375E0	2.318483221E1	9.831485009E0	1.942521638E1	3.180461560E1
3.341349375E0	2.415409006E1	1.063058655E1	1.802712139E1	3.195945154E1
3.351321375E0	2.459674066E1	1.099815656E1	1.739293940E1	3.206982132E1
3.361292375E0	2.378579734E1	1.040142130E1	1.790354400E1	3.153554515E1
3.371264375E0	2.189813837E1	9.223409665E0	1.911416088E1	3.049509626E1
3.381236375E0	1.928873652E1	7.348285373E0	1.940761743E1	2.833210668E1
3.391208375E0	1.648451831E1	5.113223442E0	1.779150784E1	2.478754020E1
3.401180375E0	1.347614808E1	3.617113038E0	1.499676329E1	2.048396893E1
3.411151375E0	1.084924903E1	2.658489221E0	1.199729836E1	1.639234387E1
3.421123375E0	8.450037627E0	1.988606761E0	9.455735330E0	1.283622310E1
3.431095375E0	5.260892535E0	1.384369821E0	7.679289234E0	9.410895452E0
3.441067375E0	2.243162078E0	1.155230596E0	6.789971003E0	7.243620646E0
3.451039375E0	1.104586911E0	7.548702782E-1	6.195358872E0	6.338171104E0
3.461010375E0	4.553345235E-1	-3.520149538E-1	4.895059733E0	4.928778129E0
3.470982375E0	6.096942924E-2	-1.126976046E0	2.617952229E0	2.850871122E0
3.480954375E0	5.806285143E-3	-1.566977196E0	-2.216094732E-4	1.566987969E0
3.490926375E0	-2.613726593E-1	-1.592727311E0	-2.566058190E0	3.031460142E0
3.500898375E0	-7.852600121E-1	-1.070037614E0	-4.922097259E0	5.097906944E0
3.510869125E0	-1.734700338E0	-3.003527570E-1	-6.742219716E0	6.968279827E0
3.520841125E0	-3.209695131E0	7.534963287E-1	-8.406879328E0	9.030255787E0
3.530813125E0	-4.376897024E0	1.896710312E0	-9.821317871E0	1.091847161E1
3.540785125E0	-4.530572084E0	2.621000968E0	-1.030943174E1	1.156201160E1
3.550757125E0	-3.818269828E0	2.728940861E0	-1.024803364E1	1.127157913E1
3.560728125E0	-3.455997981E0	2.523825798E0	-9.133482412E0	1.008633331E1
3.570700125E0	-3.582551900E0	2.128068117E0	-6.507749292E0	7.727493311E0
3.580672125E0	-4.618494911E0	1.140183663E0	-3.151774367E0	5.706504683E0
3.590644125E0	-6.872115612E0	3.937219736E-1	-4.481598437E-2	6.883530958E0
3.600616125E0	-9.060766438E0	-2.823012328E-1	1.837828411E0	9.249583542E0
3.610587125E0	-1.108509881E1	-1.873753120E0	2.617124264E0	1.154295048E1
3.620559125E0	-1.130631769E1	-3.772451338E0	1.119885054E0	1.197156428E1
3.630531125E0	-9.654331332E0	-5.448839003E0	-1.952513945E0	1.125647683E1
3.640503125E0	-8.942018843E0	-7.202233036E0	-5.511476716E0	1.273609977E1
3.650475125E0	-9.557994946E0	-9.054661360E0	-7.977158679E0	1.539406445E1
3.660447125E0	-1.159549174E1	-1.094813948E1	-8.060090323E0	1.786847063E1
3.670418125E0	-1.345204937E1	-1.277421089E1	-6.487136103E0	1.965250699E1
3.680390125E0	-1.429187793E1	-1.541274357E1	-3.284883308E0	2.127441885E1
3.690362125E0	-1.343225654E1	-1.865504920E1	1.035106859E0	2.301103698E1
3.700334125E0	-1.020111792E1	-2.150414830E1	6.190436686E0	2.459294019E1
3.710305125E0	-5.549133954E0	-2.307332113E1	1.060854956E1	2.599446786E1
3.720277125E0	-2.275675082E0	-2.360945233E1	1.313080451E1	2.711093808E1
3.730249125E0	-1.756491339E-1	-2.370000699E1	1.320990330E1	2.713342457E1
3.740221125E0	7.446072453E-1	-2.338519758E1	1.169119429E1	2.615541874E1
3.750193125E0	3.768309756E-1	-2.301987056E1	9.621670539E0	2.495261481E1
3.760165125E0	-3.378872037E-2	-2.287042976E1	7.496118187E0	2.406760243E1
3.770136125E0	-1.107161367E0	-2.276163646E1	5.416869351E0	2.342350047E1
3.780108125E0	-2.097194233E0	-2.236758559E1	2.993735822E0	2.266427944E1
3.790080125E0	-3.721731128E0	-2.204477484E1	1.694242430E-1	2.235737205E1
3.800052125E0	-5.775090832E0	-2.144837288E1	-2.908932484E0	2.240192540E1
3.810024125E0	-7.140338504E0	-2.059207387E1	-5.667858160E0	2.251982585E1
3.819995125E0	-7.759596648E0	-1.955583850E1	-7.740190324E0	2.241768735E1
3.829967125E0	-7.699718821E0	-1.872269096E1	-9.662567720E0	2.243189786E1
3.839939125E0	-7.265815074E0	-1.769276240E1	-1.076652028E1	2.194866440E1
3.849911125E0	-6.467019342E0	-1.624718100E1	-1.138028497E1	2.086394295E1
3.859883125E0	-5.967928496E0	-1.489093570E1	-1.177333948E1	1.989893613E1
3.869854125E0	-5.714744643E0	-1.370413921E1	-1.122457946E1	1.861324587E1
3.879826125E0	-5.677982029E0	-1.260386981E1	-1.012951993E1	1.713779998E1
3.889798125E0	-5.937460994E0	-1.125442716E1	-8.861086947E0	1.550594839E1
3.899770125E0	-6.982657809E0	-9.446130109E0	-7.080879922E0	1.371589387E1
3.909742125E0	-8.359419817E0	-7.346583833E0	-4.780725617E0	1.211228843E1
3.919713125E0	-9.821644145E0	-5.368216424E0	-3.747257733E0	1.180357496E1
3.929685125E0	-1.066452847E1	-3.834044154E0	-3.870474354E0	1.197550140E1
3.939657125E0	-1.029033473E1	-3.003546866E0	-3.557946525E0	1.129474507E1
3.949629125E0	-1.029882255E1	-2.521270857E0	-1.317710393E0	1.068451746E1
3.959601125E0	-1.116388887E1	-1.047744885E0	3.458663726E0	1.173424641E1
3.969572125E0	-1.294505835E1	9.916765188E-1	9.410222942E0	1.603465789E1
3.979544125E0	-1.497294992E1	2.801639585E0	1.397011150E1	2.066887585E1
3.989516125E0	-1.667154502E1	4.838488799E0	1.432379438E1	2.250605413E1
3.999488125E0	-1.564955580E1	6.092715679E0	1.118145858E1	2.017559905E1
4.009460125E0	-1.277043125E1	5.772817435E0	9.445152454E0	1.690030297E1
4.019431125E0	-1.039134421E1	4.902930670E0	1.272324539E1	1.714350422E1
4.029403125E0	-9.080442318E0	4.386765370E0	1.821327803E1	2.081878094E1
4.039375125E0	-7.087667370E0	5.031408616E0	2.197632500E1	2.363279420E1
4.049347125E0	-4.579948604E0	6.397412918E0	2.307707504E1	2.438143174E1
4.059319125E0	-1.975818754E0	7.454458530E0	2.216948660E1	2.347251473E1
4.069290125E0	9.814248879E-1	8.420022115E0	2.113328046E1	2.277005732E1
4.079262125E0	4.486019517E0	9.700457093E0	2.091326377E1	2.348590727E1
4.089234125E0	7.911956377E0	1.059346726E1	2.146283889E1	2.520861074E1
4.099206125E0	1.122377839E1	1.116051854E1	2.242796160E1	2.745075293E1
4.109178125E0	1.390351640E1	1.151942531E1	2.304120354E1	2.927288828E1
4.119149125E0	1.593117876E1	1.171045735E1	2.250305388E1	2.995537851E1
4.129121125E0	1.688207285E1	1.199014605E1	2.061888219E1	2.922167498E1
4.139093125E0	1.740542320E1	1.222607302E1	1.773607857E1	2.769465836E1
4.149065125E0	1.780053945E1	1.194612353E1	1.488574688E1	2.609893738E1
4.159037125E0	1.805455653E1	1.127560226E1	1.264301925E1	2.475787054E1
4.169009125E0	1.794256013E1	1.017107960E1	1.203937961E1	2.388164537E1
4.178980125E0	1.739496838E1	8.334375608E0	1.224705633E1	2.284813189E1
4.188952125E0	1.618592557E1	6.173834687E0	1.226079612E1	2.122327832E1
4.198924125E0	1.463658650E1	4.332137173E0	1.150076801E1	1.911190053E1
4.208896125E0	1.300941397E1	2.631661904E0	1.015486176E1	1.671202303E1
4.218868125E0	1.154024958E1	1.308750705E0	8.464416515E0	1.437137905E1
4.228839125E0	9.754357896E0	4.109877782E-1	7.407753310E0	1.225525267E1
4.238811125E0	7.788734493E0	-6.020799751E-1	7.077469826E0	1.054122689E1
4.248783125E0	6.260904990E0	-1.837107304E0	6.315905655E0	9.080999878E0
4.258755125E0	5.084523554E0	-2.906192479E0	5.116438242E0	7.776649328E0
4.268727125E0	4.170590591E0	-3.791979285E0	3.701240730E0	6.743301544E0
4.278698125E0	3.305667821E0	-4.594684172E0	2.536220434E0	6.202497599E0
4.288670125E0	2.586688337E0	-5.230340833E0	1.852224841E0	6.121940758E0
4.298642125E0	1.472092966E0	-5.959414365E0	1.483990003E0	6.315370425E0
4.308614125E0	9.571199128E-1	-6.365188912E0	2.257525764E0	6.821153201E0
4.318586125E0	1.933832091E-1	-6.427542450E0	3.732202907E0	7.435054644E0
4.328557125E0	-1.800652691E0	-6.516077482E0	6.622485697E0	9.463558140E0
4.338529125E0	-3.115033095E0	-6.399986862E0	1.166199446E1	1.366255385E1
4.348501125E0	-4.078629092E0	-6.732085322E0	1.646972720E1	1.825398866E1
4.358473125E0	-5.667377518E0	-7.012644085E0	1.983278953E1	2.178613976E1
4.368445125E0	-8.920768307E0	-6.639451393E0	2.122795624E1	2.396431823E1
4.378416125E0	-1.365050971E1	-5.153533562E0	2.072980387E1	2.534995251E1
4.388388125E0	-1.752705932E1	-3.276063075E0	1.845417630E1	2.566100194E1
4.398360125E0	-1.984770461E1	-2.278205611E0	1.525921907E1	2.513892133E1
4.408332125E0	-1.900461797E1	-2.434859243E0	1.185347206E1	2.253017629E1
4.418304125E0	-1.596761626E1	-3.922064338E0	8.725291795E0	1.861392153E1
4.428275125E0	-1.308025416E1	-5.705977328E0	5.412092761E0	1.526243671E1
4.438247125E0	-1.102378140E1	-6.954016392E0	1.633412676E0	1.313583409E1
4.448219125E0	-9.710528921E0	-8.086216852E0	-1.606512560E0	1.273821642E1
4.458191125E0	-8.733962047E0	-8.763603922E0	-4.940870914E0	1.332272690E1
4.468163125E0	-7.526533649E0	-9.487852331E0	-9.295722765E0	1.526690906E1
4.478135125E0	-5.051263422E0	-1.039415088E1	-1.285165843E1	1.728348226E1
4.488106125E0	-2.346590845E0	-1.078589094E1	-1.601022025E1	1.944656999E1
4.498078125E0	-7.049086710E-1	-1.096477130E1	-1.821533508E1	2.127255363E1
4.508050000E0	-2.830258856E-1	-1.142809297E1	-1.782262672E1	2.117374402E1
4.518022000E0	-3.575938553E-1	-1.241858324E1	-1.686972937E1	2.095081984E1
4.527994000E0	-5.156491376E-2	-1.348733030E1	-1.649207409E1	2.130491129E1
4.537965000E0	8.672182412E-1	-1.466715925E1	-1.717198832E1	2.259988520E1
4.547937000E0	1.716963102E0	-1.635703849E1	-1.817518342E1	2.451199630E1
4.557909000E0	2.277655680E0	-1.702790240E1	-1.860269440E1	2.532187621E1
4.567881000E0	1.845201166E0	-1.739384689E1	-1.849445309E1	2.545575518E1
4.577853000E0	-5.964876249E-2	-1.798129910E1	-1.780116276E1	2.530241236E1
4.587824000E0	-3.066224047E0	-1.851289287E1	-1.563236382E1	2.442334397E1
4.597796000E0	-5.726541401E0	-1.896922478E1	-1.293900180E1	2.366521778E1
4.607768000E0	-6.502494400E0	-1.938674287E1	-1.010944059E1	2.281072164E1
4.617740000E0	-5.818828590E0	-2.034220130E1	-7.139015864E0	2.233001270E1
4.627712000E0	-4.616951831E0	-2.182333143E1	-3.428918356E0	2.256837433E1
4.637683000E0	-3.063329383E0	-2.273389961E1	-6.915455174E-1	2.294978025E1
4.647655000E0	-2.201850769E0	-2.263285037E1	2.911679506E-1	2.274156638E1
4.657627000E0	-2.713996547E0	-2.173376144E1	5.967726767E-1	2.191068920E1
4.667599000E0	-3.570214568E0	-2.066401100E1	1.212770998E-1	2.097051480E1
4.677571000E0	-4.268183252E0	-1.971767891E1	-6.293124318E-1	2.018415923E1
4.687542000E0	-5.241199697E0	-1.859230273E1	-7.377636641E-1	1.933101628E1
4.697514000E0	-6.061911378E0	-1.730336590E1	5.685481668E-2	1.833457045E1
4.707486000E0	-6.232218550E0	-1.611553562E1	1.540072988E0	1.734712833E1
4.717458000E0	-5.920412852E0	-1.557768884E1	3.032880592E0	1.693853721E1
4.727430000E0	-5.163773206E0	-1.611165774E1	4.924391706E0	1.762100175E1
4.737401000E0	-4.329283147E0	-1.669548586E1	7.093409336E0	1.864935378E1
4.747373000E0	-3.710027049E0	-1.653297887E1	8.492632838E0	1.895332434E1
4.757345000E0	-3.673764664E0	-1.553481121E1	9.240414537E0	1.844484120E1
4.767317000E0	-3.997796305E0	-1.447966126E1	9.021374915E0	1.752221935E1
4.777289000E0	-2.598221970E0	-1.389540280E1	7.008997176E0	1.577843521E1
4.787260000E0	-2.822132322E-1	-1.354445408E1	4.746805335E0	1.435493092E1
4.797232000E0	1.363414862E0	-1.304295126E1	3.898339845E0	1.368117434E1
4.807204000E0	2.410006530E0	-1.225165341E1	5.152727816E0	1.350784020E1
4.817176000E0	2.513060782E0	-1.057152616E1	9.691651186E0	1.456024528E1
4.827148000E0	1.351714876E0	-7.894474956E0	1.598495677E1	1.787928161E1
4.837119000E0	-7.996739835E-1	-4.147820364E0	1.993453342E1	2.037718124E1
4.847091000E0	-4.263471565E0	3.106469994E-1	2.095568415E1	2.138724829E1
4.857063000E0	-7.666672697E0	5.332970577E0	1.985455287E1	2.194132437E1
4.867035000E0	-9.736059619E0	9.942545854E0	1.860047129E1	2.322977846E1
4.877007000E0	-1.144986099E1	1.311771844E1	1.999882941E1	2.651654260E1
4.886979000E0	-1.291001248E1	1.524672825E1	2.399824071E1	3.122573781E1
4.896950000E0	-1.421605943E1	1.721717327E1	2.868970975E1	3.635418610E1
4.906922000E0	-1.423745088E1	1.802802654E1	3.163637900E1	3.909699764E1
4.916894000E0	-1.306636351E1	1.799834841E1	3.204078647E1	3.900362033E1
4.926866000E0	-1.198040459E1	1.791736331E1	3.152902412E1	3.819216365E1
4.936838000E0	-1.161421452E1	1.734398768E1	3.082253546E1	3.722542921E1
4.946809000E0	-1.184034974E1	1.634859043E1	3.038158055E1	3.647616657E1
4.956781000E0	-1.214087324E1	1.509344349E1	2.979000605E1	3.553388946E1
4.966753000E0	-1.255062272E1	1.336532580E1	2.778134246E1	3.328592876E1
4.976725000E0	-1.300323113E1	1.151326234E1	2.514983346E1	3.056392241E1
4.986697000E0	-1.330100643E1	9.641083880E0	2.263384440E1	2.796709106E1
4.996668000E0	-1.311745882E1	7.302333859E0	2.042255374E1	2.534704138E1
5.006640000E0	-1.245022486E1	4.359989800E0	1.852777286E1	2.274414160E1
5.016612000E0	-1.131414711E1	1.009729212E0	1.714738090E1	2.056847466E1
5.026584000E0	-9.727127413E0	-2.622975865E0	1.537915248E1	1.838519353E1
5.036556000E0	-8.153458663E0	-6.004285898E0	1.242609223E1	1.602928899E1
5.046527000E0	-7.205799837E0	-8.723020152E0	8.733689566E0	1.429307403E1
5.056499000E0	-6.440825570E0	-1.079817945E1	4.577480494E0	1.338051722E1
5.066471000E0	-5.636615902E0	-1.249876727E1	9.684029925E-1	1.374512374E1
5.076443000E0	-5.105841333E0	-1.396208328E1	-1.809014502E0	1.497604483E1
5.086415000E0	-4.271991251E0	-1.479916014E1	-3.896795595E0	1.588867729E1
5.096387000E0	-3.028596630E0	-1.529367204E1	-5.477799093E0	1.652498365E1
5.106358000E0	-1.617103330E0	-1.560849431E1	-6.751864114E0	1.708296774E1
5.116330000E0	-6.749503885E-1	-1.573803938E1	-7.412862607E0	1.740953685E1
5.126302000E0	-1.869711890E-1	-1.556039278E1	-7.672842094E0	1.735031087E1
5.136274000E0	-7.916987468E-2	-1.515914515E1	-7.882762399E0	1.708636569E1
5.146246000E0	-5.078719023E-1	-1.471553093E1	-8.327253699E0	1.691590785E1
5.156217000E0	-8.802779243E-1	-1.430274791E1	-9.173170388E0	1.701442159E1
5.166189000E0	-9.801187661E-1	-1.383846963E1	-1.047712287E1	1.738487786E1
5.176161000E0	-9.495302269E-1	-1.345742997E1	-1.214782908E1	1.815416703E1
5.186133000E0	-5.633258723E-1	-1.329523172E1	-1.360970316E1	1.903429911E1
5.196105000E0	3.515050035E-1	-1.306146589E1	-1.508588187E1	1.995768721E1
5.206076000E0	6.988028622E-1	-1.293935263E1	-1.583865008E1	2.046406627E1
5.216048000E0	5.349381519E-1	-1.313945371E1	-1.547968951E1	2.031138080E1
5.226020000E0	2.880455375E-1	-1.348454117E1	-1.477894749E1	2.000832601E1
5.235992000E0	6.048590836E-1	-1.385105635E1	-1.372957108E1	1.951201524E1
5.245964000E0	1.527186017E0	-1.381722553E1	-1.310181869E1	1.910250432E1
5.255935000E0	1.547006762E0	-1.374246536E1	-1.298088424E1	1.896712787E1
5.265907000E0	8.026502162E-1	-1.340979856E1	-1.309218833E1	1.875826058E1
5.275879000E0	2.657349014E-1	-1.310848686E1	-1.355909785E1	1.886139383E1
5.285851000E0	-3.692708181E-1	-1.329017739E1	-1.373110656E1	1.911304433E1
5.295823000E0	-1.436712634E0	-1.242348554E1	-1.196848329E1	1.731045142E1
5.305794000E0	-5.842659210E-1	-1.106537849E1	-1.079119085E1	1.546718358E1
5.315766000E0	-3.750310564E-1	-1.177395344E1	-1.090735164E1	1.605418785E1
5.325738000E0	-6.461582601E-1	-1.244914312E1	-1.099670411E1	1.662306188E1
5.335710000E0	-1.165436326E-1	-1.238291054E1	-1.131633163E1	1.677526207E1
5.345682000E0	6.045070812E-2	-1.210672082E1	-1.178156183E1	1.689323955E1
5.355653000E0	6.109733708E-2	-1.152972343E1	-1.119384650E1	1.606986168E1
5.365625000E0	-1.858036096E-1	-1.160995190E1	-9.216459079E0	1.482459524E1
5.375597000E0	-2.835235932E-1	-1.059416541E1	-7.072537699E0	1.274117404E1
5.385569000E0	-1.855987671E0	-1.081615379E1	-5.586333940E0	1.231426002E1
5.395541000E0	-2.735897001E0	-1.097827603E1	-4.129495482E0	1.204410270E1
5.405512000E0	-2.527117488E0	-1.010965694E1	-3.443127674E0	1.097481728E1
5.415484000E0	-2.856894312E0	-9.569560738E0	-3.160186172E0	1.047497563E1
5.425456000E0	-2.953875646E0	-9.081800042E0	-2.751062924E0	9.938451617E0
5.435428000E0	-3.229795227E0	-7.894820527E0	-1.209933345E0	8.615318164E0
5.445400000E0	-6.465405511E0	-6.371729608E0	3.739211379E0	9.817438991E0
5.455372000E0	-3.670470635E0	-7.111759652E0	1.009074470E1	1.287915404E1
5.465343000E0	-2.761444071E0	-5.464953929E0	1.675463629E1	1.783841731E1
5.475315000E0	-3.114635777E0	-5.033184416E0	1.977641536E1	2.064317092E1
5.485287000E0	-2.272317173E-1	-4.086790635E0	1.708201955E1	1.756555960E1
5.495259000E0	2.662867324E0	-2.992472531E0	1.277918804E1	1.339228887E1
5.505231000E0	2.736138783E0	-3.133255650E0	1.108073445E1	1.183581101E1
5.515202000E0	1.582495414E0	-2.184912847E0	1.232134755E1	1.261323675E1
5.525174000E0	1.115589543E0	-6.349908091E-1	1.493920798E1	1.499425518E1
5.535146000E0	1.216806747E0	2.888925067E-1	1.631211316E1	1.635998513E1
5.545118000E0	3.180519572E0	8.647479388E-1	1.674922294E1	1.707044120E1
5.555090000E0	4.319555719E0	1.242406149E0	1.513855827E1	1.579170925E1
5.565061000E0	4.821507023E0	1.252567733E0	1.306169860E1	1.397940722E1
5.575033000E0	4.390267560E0	1.613626283E0	1.242696347E1	1.327808947E1
5.585005000E0	3.136192122E0	2.130903139E0	1.232241525E1	1.289257022E1
5.594977000E0	2.248898782E0	3.146364523E0	1.191199450E1	1.252408753E1
5.604949000E0	6.243714615E-1	4.688871999E0	1.221704141E1	1.310081910E1
5.614920000E0	-2.707000646E0	6.334550672E0	1.372422205E1	1.535606250E1
5.624892000E0	-3.419455807E0	8.175421389E0	1.424599483E1	1.677732284E1
5.634864000E0	-3.451499133E0	8.509318453E0	1.420940062E1	1.691828634E1
5.644836000E0	-4.107456450E0	8.222262264E0	1.562694345E1	1.812948308E1
5.654808000E0	-3.703545995E0	7.971400341E0	1.681078242E1	1.897002588E1
5.664780000E0	-4.135351469E0	7.959317654E0	1.697342156E1	1.919762768E1
5.674751000E0	-5.024714724E0	7.838127678E0	1.639200952E1	1.885157764E1
5.684723000E0	-5.842572963E0	7.983387133E0	1.566862942E1	1.853040951E1
5.694695000E0	-6.140424866E0	8.137222699E0	1.538299527E1	1.845415277E1
5.704667000E0	-5.952580140E0	7.399999902E0	1.544283334E1	1.812937700E1
5.714638000E0	-5.371085068E0	5.946360456E0	1.603543929E1	1.792604448E1
5.724610000E0	-4.644270900E0	4.920221472E0	1.595327071E1	1.732872407E1
5.734582000E0	-5.576853265E0	4.138398745E0	1.646038335E1	1.786538151E1
5.744554000E0	-6.621471205E0	3.808671039E0	1.644278440E1	1.813049957E1
5.754526000E0	-7.536901347E0	3.623306701E0	1.593136821E1	1.799282430E1
5.764498000E0	-8.356344767E0	3.402666696E0	1.632825382E1	1.865525425E1
5.774469000E0	-8.813088323E0	3.394266294E0	1.792919456E1	2.026444145E1
5.784441000E0	-9.587355570E0	3.113194438E0	2.034768131E1	2.270765292E1
5.794413000E0	-1.047862911E1	2.147638309E0	2.205471745E1	2.451172332E1
5.804385000E0	-1.087281331E1	1.057708979E0	2.251151831E1	2.502209571E1
5.814357000E0	-1.157272034E1	-1.411742976E-1	2.202089481E1	2.487704956E1
5.824328000E0	-1.249797556E1	-1.068294193E0	2.354613634E1	2.667885271E1
5.834300000E0	-1.394886974E1	-2.172090634E0	2.295469983E1	2.694823165E1
5.844272000E0	-1.474475414E1	-2.459127234E0	2.498101967E1	2.911196361E1
5.854244000E0	-1.139020652E1	-3.927865945E0	2.674829616E1	2.933660313E1
5.864216000E0	-5.405814605E0	-4.948465278E0	2.936823235E1	3.026884887E1
5.874187000E0	-4.416263696E0	-7.012673321E0	3.155326434E1	3.262344958E1
5.884159000E0	7.876029184E-1	-1.396540216E1	2.034459866E1	2.468917719E1
5.894131000E0	-1.926185395E-1	-2.047203755E1	1.076037135E1	2.312848925E1
5.904103000E0	-3.273758980E0	-2.223416382E1	8.476137843E0	2.401916841E1
5.914075000E0	-5.356462936E0	-2.384893323E1	4.142524248E0	2.479160783E1
5.924047000E0	-4.019105313E0	-2.315827415E1	3.966422485E0	2.383676523E1
5.934018000E0	-1.260198203E0	-2.134697280E1	5.829214999E0	2.216441055E1
5.943990000E0	2.062764950E0	-1.939858582E1	6.126062935E0	2.044721933E1
5.953962000E0	5.827169643E0	-1.738795757E1	5.434407490E0	1.912667664E1
5.963934000E0	9.610659648E0	-1.566532340E1	3.723635274E0	1.875186913E1
5.973906000E0	1.285312374E1	-1.441395259E1	1.243632603E0	1.935229809E1
5.983877000E0	1.508935746E1	-1.376823171E1	-1.596280518E0	2.048904645E1
5.993849000E0	1.598627941E1	-1.359789997E1	-4.253997029E0	2.141402587E1
6.003821000E0	1.554215180E1	-1.368760328E1	-6.235951998E0	2.162859366E1
6.013793000E0	1.396111498E1	-1.376056367E1	-7.247143160E0	2.089944803E1
6.023765000E0	1.176669120E1	-1.367939964E1	-7.296493660E0	1.946329406E1
6.033736000E0	9.412149015E0	-1.342161227E1	-6.416735042E0	1.760405390E1
6.043708000E0	7.302340291E0	-1.304525506E1	-4.798070213E0	1.570109331E1
6.053680000E0	5.767410514E0	-1.273492930E1	-2.675067540E0	1.423367256E1
6.063652000E0	4.956471285E0	-1.256629209E1	-2.296798003E-1	1.351040552E1
6.073624000E0	4.986569828E0	-1.263569269E1	2.281614976E0	1.377433756E1
6.083595000E0	5.841605249E0	-1.294227390E1	4.675126072E0	1.494936820E1
6.093567000E0	7.454854386E0	-1.340599436E1	6.619389011E0	1.670664088E1
6.103539000E0	9.621072369E0	-1.391797188E1	8.044639056E0	1.873475894E1
6.113511000E0	1.218959692E1	-1.435896772E1	8.566652157E0	2.069187657E1
6.123483000E0	1.468986633E1	-1.456522825E1	8.116152842E0	2.222183574E1
6.133454000E0	1.664179321E1	-1.450723907E1	6.727570102E0	2.307963315E1
6.143426000E0	1.754082367E1	-1.425085621E1	4.571188890E0	2.305782222E1
6.153398000E0	1.703564295E1	-1.400227353E1	1.931814948E0	2.213614022E1
6.163370000E0	1.502753602E1	-1.402125476E1	-6.947375125E-1	2.056465618E1
6.173342000E0	1.174574647E1	-1.455754384E1	-2.896877572E0	1.892819438E1
6.183314000E0	7.708708330E0	-1.570614515E1	-4.304558195E0	1.801766913E1
6.193285000E0	3.601606807E0	-1.736417461E1	-4.782555211E0	1.836733420E1
6.203257000E0	-6.790049940E-2	-1.923384988E1	-4.273187299E0	1.970293687E1
6.213229000E0	-2.958520381E0	-2.101184549E1	-2.963172719E0	2.142500609E1
6.223201000E0	-4.926243519E0	-2.244222178E1	-1.109818634E0	2.300332348E1
6.233173000E0	-5.970798309E0	-2.330128535E1	1.076920298E0	2.407820776E1
6.243144000E0	-6.179897665E0	-2.351737505E1	3.316153340E0	2.454088298E1
6.253116000E0	-5.613166813E0	-2.300892457E1	5.389006784E0	2.428908491E1
6.263088000E0	-4.396426724E0	-2.188570485E1	7.070566018E0	2.341592510E1
6.273060000E0	-2.643598702E0	-2.017388569E1	8.195465645E0	2.193490221E1
6.283032000E0	-4.893575710E-1	-1.801438031E1	8.612325928E0	1.997322024E1
6.293003000E0	1.944265278E0	-1.551599487E1	8.219556173E0	1.766599468E1
6.302975000E0	4.477472057E0	-1.288195870E1	7.007384514E0	1.533284233E1
6.312947000E0	6.917766579E0	-1.036290920E1	5.085287200E0	1.345754537E1
6.322919000E0	9.004057217E0	-8.106506106E0	2.702276680E0	1.241333101E1
6.332891000E0	1.053646743E1	-6.417133822E0	1.423791164E-1	1.233762636E1
6.342862000E0	1.132315182E1	-5.387014638E0	-2.131322384E0	1.271912847E1
6.352834000E0	1.125529839E1	-5.095913930E0	-3.740315918E0	1.290891335E1
6.362806000E0	1.039048584E1	-5.446817620E0	-4.475592762E0	1.255631111E1
6.372778000E0	8.957688797E0	-6.295453264E0	-4.191555490E0	1.172356848E1
6.382750000E0	7.270402215E0	-7.426565557E0	-3.017255955E0	1.082203575E1
6.392722000E0	5.696927007E0	-8.729860225E0	-1.110976967E0	1.048330610E1
6.402693000E0	4.515553218E0	-1.010452191E1	1.188158898E0	1.113118617E1
6.412665000E0	3.894132481E0	-1.156841796E1	3.590866641E0	1.272347771E1
6.422637000E0	3.926944716E0	-1.316485986E1	5.866817858E0	1.493833932E1
6.432609000E0	4.603988262E0	-1.486984947E1	7.787511840E0	1.740558738E1
6.442581000E0	5.838580484E0	-1.665146451E1	9.199460639E0	1.989950674E1
6.452552000E0	7.555522975E0	-1.844060257E1	9.963705758E0	2.228042152E1
6.462524000E0	9.562229499E0	-2.008884612E1	1.003040144E1	2.440505941E1
6.472496000E0	1.164025217E1	-2.148392863E1	9.355330451E0	2.616441988E1
6.482468000E0	1.348354598E1	-2.243815680E1	8.023358114E0	2.737975837E1
6.492440000E0	1.475807176E1	-2.284553933E1	6.094867455E0	2.787232962E1
6.502411000E0	1.518898115E1	-2.269698965E1	3.859358212E0	2.758175363E1
6.512383000E0	1.447869764E1	-2.204696872E1	1.591164204E0	2.642410488E1
6.522355000E0	1.250827835E1	-2.107641746E1	-3.613801467E-1	2.451128303E1
6.532327000E0	9.395292077E0	-2.006069295E1	-1.652636567E0	2.221337711E1
6.542299000E0	5.577136855E0	-1.926842096E1	-2.050038486E0	2.016380816E1
6.552270000E0	1.543052875E0	-1.883811734E1	-1.567807209E0	1.896611970E1
6.562242000E0	-2.070668047E0	-1.874406371E1	-3.157396319E-1	1.886073386E1
6.572214000E0	-4.841715293E0	-1.881889403E1	1.513669885E0	1.949061764E1
6.582186000E0	-6.552085805E0	-1.885214130E1	3.638336092E0	2.028720162E1
6.592158000E0	-7.222114738E0	-1.865125436E1	5.731558312E0	2.080574419E1
6.602130000E0	-7.012521878E0	-1.806584516E1	7.484588063E0	2.077424567E1
6.612101000E0	-6.117625403E0	-1.708883975E1	8.784822882E0	2.016499188E1
6.622073000E0	-4.741219782E0	-1.571053407E1	9.525087985E0	1.897438660E1
6.632045000E0	-3.132410728E0	-1.402010403E1	9.544378535E0	1.724733242E1
6.642017000E0	-1.417363612E0	-1.210006201E1	8.914447467E0	1.509595290E1
6.651989000E0	2.037605551E-1	-1.006588702E1	7.750839858E0	1.270586945E1
6.661960000E0	1.564236606E0	-8.028935773E0	6.088898032E0	1.019731950E1
6.671932000E0	2.559650227E0	-6.075838276E0	4.028769591E0	7.726487201E0
6.681904000E0	3.105809990E0	-4.292447442E0	1.825854045E0	5.604007827E0
6.691876000E0	3.216536373E0	-2.800189476E0	-2.599397991E-1	4.272556149E0
6.701848000E0	2.936196589E0	-1.733749727E0	-1.965537741E0	3.935794346E0
6.711820000E0	2.410299768E0	-1.207686844E0	-3.008976882E0	4.040048807E0
6.721791000E0	1.769735539E0	-1.296431206E0	-3.157359627E0	3.844686927E0
6.731763000E0	1.116541324E0	-2.166304522E0	-2.446874394E0	3.453510404E0
6.741735000E0	6.286136895E-1	-3.708861406E0	-1.020342055E0	3.897679568E0
6.751707000E0	3.311746001E-1	-5.833774658E0	8.706814009E-1	5.907680550E0
6.761679000E0	2.737718993E-1	-8.372865490E0	2.998440492E0	8.897779102E0
6.771650000E0	5.170377052E-1	-1.113375232E1	5.014056419E0	1.222164189E1
6.781622000E0	1.117074882E0	-1.400507902E1	6.639930280E0	1.553958715E1
6.791594000E0	2.061371559E0	-1.686783955E1	7.710665978E0	1.866085833E1
6.801566000E0	3.266812488E0	-1.959635737E1	8.179859426E0	2.148486412E1
6.811538000E0	4.618468307E0	-2.207884540E1	8.130482029E0	2.397728929E1
6.821509000E0	6.012947379E0	-2.369702959E1	6.291743206E0	2.524461883E1
6.831481000E0	1.910360432E1	-6.665287900E0	-5.976273525E1	6.309483565E1
6.841453000E0	4.271654393E1	1.845976974E1	-2.558531444E2	2.600505676E2
6.851425000E0	2.381899549E0	-2.617324355E1	-1.958761859E2	1.976314558E2
6.861397000E0	6.714612819E-1	-2.088196012E1	-5.729099557E1	6.098167997E1
6.871368000E0	2.986483521E0	-5.646825725E0	-3.131195676E0	7.114078363E0
6.881340000E0	-3.008619033E-2	-3.366204921E0	1.255116651E1	1.299476901E1
6.891312000E0	6.098084593E-1	-3.629807343E0	1.061163455E1	1.123183670E1
6.901284000E0	6.642337579E-1	-3.949635714E0	9.042947048E0	9.890183015E0
6.911256000E0	6.536402111E-1	-4.116699143E0	9.105062605E0	1.001382157E1
6.921228000E0	6.829335921E-1	-4.294941865E0	8.949729567E0	9.950406184E0
6.931199000E0	6.823354950E-1	-4.487459686E0	8.841039183E0	9.938151236E0
6.941171000E0	7.037309687E-1	-4.672392206E0	8.721243183E0	9.919000396E0
6.951143000E0	7.442154819E-1	-4.849535066E0	8.600426259E0	9.901473571E0
6.961115000E0	7.535890802E-1	-5.030789981E0	8.478882526E0	9.887779995E0
6.971087000E0	7.739301547E-1	-5.200007817E0	8.341400453E0	9.859919406E0
6.981058000E0	7.891880985E-1	-5.381124737E0	8.231805505E0	9.866202064E0
6.991030000E0	8.141910850E-1	-5.556655812E0	8.102045850E0	9.858117360E0
7.001002000E0	8.414293159E-1	-5.715131729E0	7.978493598E0	9.850233198E0
7.010974000E0	8.661492240E-1	-5.887293053E0	7.849021041E0	9.849749503E0
7.020946000E0	8.869035506E-1	-6.055461314E0	7.736199015E0	9.864278222E0
7.030917000E0	9.081149831E-1	-6.214192169E0	7.605689746E0	9.863436199E0
7.040889000E0	9.267102984E-1	-6.364420003E0	7.485432401E0	9.868958009E0
7.050861000E0	9.268879806E-1	-6.523511047E0	7.337218348E0	9.861546065E0
7.060833000E0	9.533190764E-1	-6.684596575E0	7.189510079E0	9.863148778E0
7.070805000E0	9.689302652E-1	-6.825731989E0	7.056423942E0	9.865219810E0
7.080777000E0	9.979705348E-1	-6.956235411E0	6.917170748E0	9.860649442E0
7.090748000E0	1.013702980E0	-7.109503797E0	6.757166954E0	9.860625903E0
7.100720000E0	8.026426148E-1	-6.812988567E0	7.134939770E0	9.897899469E0
7.110692000E0	-1.644199035E-1	-3.450860032E0	9.099749824E0	9.733494528E0
7.120664000E0	-1.155351560E0	4.428598689E0	1.332748847E1	1.409146098E1
7.130636000E0	-1.008284146E0	1.137141006E1	1.712643150E1	2.058252316E1
7.140607000E0	1.168021965E0	6.329025638E0	1.526985867E1	1.657074001E1
7.150579000E0	1.923079354E0	-6.827921187E0	7.341624810E0	1.020873140E1
7.160551000E0	3.736921317E0	-1.101703605E1	-2.590854010E1	2.840056539E1
7.170523000E0	1.338137758E1	-1.315159253E1	-7.979844890E1	8.197449663E1
7.180495000E0	9.997287487E0	-1.848564484E1	-6.629871081E1	6.954986612E1
7.190466000E0	-3.164614706E-1	-1.285228175E1	-9.241309161E0	1.583297473E1
7.200438000E0	-1.103367766E0	-7.194375547E0	1.099178309E1	1.318316182E1
7.210410000E0	-7.552808259E-1	-4.535723773E0	1.223931579E1	1.307455889E1
7.220382000E0	-3.534715318E-1	-2.820211512E0	1.043701097E1	1.081710373E1
7.230354000E0	1.915520804E-1	-2.255668688E0	9.272825654E0	9.545157360E0
7.240325000E0	2.631938294E-1	-2.335301333E0	8.584884360E0	8.900738328E0
7.250297000E0	2.357002762E-1	-2.211712829E0	7.537829300E0	7.859141099E0
7.260269000E0	4.656215665E-1	-1.692418098E0	4.871290802E0	5.177891128E0
7.270241000E0	1.241090380E0	-1.060480852E0	-8.381983638E-2	1.634610269E0
7.280213000E0	2.592745175E0	-1.404959914E0	-5.171917793E0	5.953568137E0
7.290185000E0	3.146979066E0	-3.646643231E0	-8.353100731E0	9.642394719E0
7.300156000E0	1.889403192E0	-6.052971570E0	-7.727496604E0	9.996124900E0
7.310128000E0	5.252561130E-2	-4.572882536E0	-3.874213064E0	5.993624988E0
7.320100000E0	4.462461962E-1	-2.087630235E0	-1.088108361E-1	2.137562973E0
7.330072000E0	9.259684329E-1	-1.780730935E0	1.931728263E0	2.785676630E0
7.340044000E0	9.390246076E-1	-1.447468002E0	1.975657225E0	2.623004442E0
7.350015000E0	1.044450271E0	-1.014302174E0	6.619445729E-1	1.599329824E0
7.359987000E0	1.746020986E-1	-2.554294762E-1	3.029452955E0	3.045211867E0
7.369959000E0	-1.677453466E0	2.135191195E0	1.165672144E1	1.196879469E1
7.379931000E0	1.270033366E0	-1.146780200E0	-3.240959609E-1	1.741587715E0
7.389903000E0	5.777726172E0	-4.213927815E0	-7.451527905E0	1.032785435E1
7.399874000E0	6.434373168E0	-6.504805804E0	-8.335424014E0	1.237711396E1
7.409846000E0	2.480571898E0	-8.180301476E0	-4.999589823E0	9.902851487E0
7.419818000E0	-1.074568475E0	-7.243482803E0	-3.757807279E0	8.230665591E0
7.429790000E0	4.044017960E0	-6.444253208E0	-3.346766145E0	8.311637883E0
7.439762000E0	1.136421565E1	-8.173468419E0	-1.713556952E0	1.410273948E1
7.449734000E0	1.291376054E1	-9.516458665E0	6.652809942E-1	1.605524200E1
7.459705000E0	1.404737076E1	-1.007889240E1	1.532330105E0	1.735686414E1
7.469677000E0	2.034882970E1	-1.516183954E1	2.161931974E0	2.546821938E1
7.479649000E0	2.191877202E1	-1.523258851E1	1.791772233E0	2.675209838E1
7.489621000E0	1.749058088E1	-6.854452343E0	2.571379741E0	1.896090531E1
7.499593000E0	1.701471342E1	-7.009375491E0	1.344352062E0	1.845099185E1
7.509564000E0	1.838381324E1	-7.433724888E0	1.477966787E0	1.988489982E1
7.519535708E0	1.431657073E1	-6.287609224E0	2.452874222E0	1.582765994E1
7.529507708E0	7.638267508E0	-8.085799946E0	-1.847942340E-1	1.112463214E1
7.539479708E0	1.895365452E0	-1.109168745E1	-4.234785125E0	1.202295079E1
7.549451708E0	-3.106832521E-1	-1.139265183E1	-4.912193829E0	1.241042658E1
7.559422708E0	7.543292646E-1	-1.131573755E1	-4.424547154E0	1.217339503E1
7.569394708E0	-7.859325881E-1	-9.538157097E0	-6.738609645E0	1.170482767E1
7.579366708E0	-4.708478006E0	-1.099234910E1	-1.252520604E1	1.731710976E1
7.589338708E0	-1.027516939E1	-1.049573923E1	-1.397693754E1	2.027546377E1
7.599310708E0	-1.427099870E1	-9.735356784E0	-1.401079058E1	2.224277025E1
7.609281708E0	-1.341512537E1	-7.205568287E0	-1.209211447E1	1.944492313E1
7.619253708E0	-1.009157501E1	-4.506690009E0	-1.338567645E1	1.735875788E1
7.629225708E0	-7.705204679E0	-3.093652459E0	-1.418602930E1	1.643728359E1
7.639197708E0	-6.751203963E0	-1.344753181E0	-1.636485972E1	1.775375312E1
7.649169708E0	-5.260585556E0	-7.999040714E-1	-1.937125126E1	2.008877752E1
7.659140708E0	-6.730108379E0	-6.623350208E-1	-2.230873687E1	2.331121591E1
7.669112708E0	-7.946349699E0	-1.468659043E0	-2.583861910E1	2.707278467E1
7.679084708E0	-7.270484076E0	-3.749535443E-1	-2.795045096E1	2.888300950E1
7.689056708E0	-6.404245974E0	2.226785489E0	-2.792358417E1	2.873498726E1
7.699028708E0	-4.355477504E0	5.693010542E0	-2.453694001E1	2.556251119E1
7.709000708E0	-2.596510490E0	8.277059446E0	-1.837500850E1	2.031975682E1
7.718971708E0	-1.976423210E0	1.074260166E1	-1.274634774E1	1.678627772E1
7.728943708E0	-1.039307499E-1	1.216898899E1	-8.192909827E0	1.467033967E1
7.738915708E0	3.453526947E0	1.362959539E1	-4.625376207E0	1.480158181E1
7.748887708E0	8.972747716E0	1.453426607E1	-2.417246552E0	1.725103396E1
7.758859708E0	1.446294524E1	1.416362861E1	1.373229121E0	2.028967518E1
7.768830708E0	1.701996539E1	1.205878301E1	9.920843328E0	2.309797831E1
7.778802708E0	2.078926070E1	8.261777163E0	1.887866544E1	2.927207425E1
7.788774708E0	2.466258966E1	5.296944128E0	2.650281836E1	3.658825394E1
7.798746708E0	2.481705907E1	1.314578917E0	3.449578907E1	4.251557364E1
7.808718708E0	2.355656543E1	-4.082667471E0	4.325813643E1	4.942515874E1
7.818689708E0	2.100732910E1	-8.931083965E0	4.949823352E1	5.450823110E1
7.828661708E0	1.867126821E1	-1.350160569E1	4.934411027E1	5.445870758E1
7.838633708E0	1.621292918E1	-1.680447912E1	4.236233831E1	4.837165801E1
7.848605708E0	1.434093023E1	-1.934427338E1	3.599472281E1	4.330685006E1
7.858577708E0	1.073648196E1	-2.288146930E1	3.256259901E1	4.122082649E1
7.868548708E0	6.012539828E0	-2.721436369E1	2.968437493E1	4.071773988E1
7.878520708E0	1.844236375E0	-3.123933201E1	2.496261731E1	4.003035517E1
7.888492708E0	-2.497418895E0	-3.398470968E1	1.869010326E1	3.886537731E1
7.898464708E0	-5.016996984E0	-3.536848367E1	1.246958616E1	3.783636445E1
7.908436708E0	-6.496292843E0	-3.541867617E1	5.403195637E0	3.641262096E1
7.918407708E0	-6.950646057E0	-3.474453665E1	-2.178000707E0	3.549983091E1
7.928379708E0	-5.398629547E0	-3.294036890E1	-6.738970419E0	3.405329392E1
7.938351708E0	-1.763319097E0	-2.915777937E1	-7.739607942E0	3.021898282E1
7.948323708E0	3.467074946E0	-2.561493737E1	-6.766088051E0	2.671938571E1
7.958295708E0	8.236095023E0	-2.246289520E1	-5.652556581E0	2.458386296E1
7.968267708E0	1.127189513E1	-1.932069273E1	-5.448374734E0	2.302237117E1
7.978238708E0	1.296144225E1	-1.651015719E1	-5.748878349E0	2.176313115E1
7.988210708E0	1.383241893E1	-1.408294172E1	-5.931121443E0	2.061172633E1
7.998182708E0	1.363361126E1	-1.174334560E1	-5.649549943E0	1.885998241E1
8.008154708E0	1.310633508E1	-9.616429680E0	-5.426606719E0	1.713767194E1
8.018126708E0	1.215758458E1	-7.761922086E0	-5.575251127E0	1.546407845E1
8.028097708E0	9.826215498E0	-6.126129593E0	-7.359811989E0	1.372045215E1
8.038069708E0	6.120877624E0	-4.500771457E0	-8.446097188E0	1.136039807E1
8.048041708E0	1.854792938E0	-3.229521870E0	-5.882572011E0	6.962379035E0
8.058013708E0	-1.835018824E0	-3.426665424E0	-2.257676622E0	4.495156698E0
8.067985708E0	-4.150878750E0	-2.865843183E0	-1.412570357E-2	5.044110534E0
8.077956708E0	-4.824360464E0	-1.352564476E0	5.372281408E-1	5.039097005E0
8.087928708E0	-3.806049732E0	2.112259877E-1	-7.360808355E-1	3.882324816E0
8.097900708E0	-1.986418440E0	1.778260487E0	-2.214581473E0	3.465896663E0
8.107872708E0	-1.094205837E0	3.192030108E0	-2.430754205E0	4.158714781E0
8.117844708E0	-1.503615306E0	3.392001960E0	-1.183020365E0	3.894364321E0
8.127816708E0	-3.105153640E0	2.780141712E0	1.363826798E0	4.385338140E0
8.137787708E0	-4.940396705E0	1.470025975E0	3.856018867E0	6.437187078E0
8.147759708E0	-5.658486242E0	1.415113896E-2	5.025156773E0	7.567751807E0
8.157731708E0	-4.536242129E0	-1.011889028E0	5.988642842E0	7.580584090E0
8.167703708E0	-2.489905808E0	-1.439418725E0	7.167718091E0	7.723194924E0
8.177675708E0	-7.394312900E-1	-1.398156971E0	7.965624461E0	8.121131362E0
8.187646708E0	4.703719541E-1	-1.135592722E0	7.231933383E0	7.335644556E0
8.197618708E0	1.171806283E0	-9.122170973E-1	5.528978017E0	5.724933878E0
8.207590708E0	1.382802475E0	-8.717662056E-1	3.267063918E0	3.653193897E0
8.217562708E0	4.405280870E0	5.883917163E-1	5.540606375E0	7.102888381E0
8.227534708E0	4.995127813E0	7.884382662E-1	3.617608005E0	6.217718588E0
8.237505708E0	3.477891710E0	-1.632361346E0	2.986242031E0	4.866002033E0
8.247477708E0	4.629443530E0	-2.245928396E0	3.766985069E0	6.376999159E0
8.257449708E0	4.081495397E0	-2.032655298E0	1.956090102E0	4.961509924E0
8.267421708E0	4.042502362E0	-1.883069196E0	4.014167340E0	6.000109530E0
8.277393708E0	2.819643455E0	-2.114433287E0	3.413687528E0	4.906575168E0
8.287364708E0	3.710838058E0	-1.754724567E0	1.593752766E0	4.403342512E0
8.297336708E0	1.161567048E1	2.892310020E0	-1.247553746E0	1.203518377E1
8.307308708E0	1.104942495E1	5.895834081E0	-1.389107820E0	1.260080441E1
8.317280708E0	4.471384813E0	2.727999167E0	-4.945230598E0	7.203510760E0
8.327252708E0	3.056571464E0	2.357091567E-1	-7.007145363E0	7.648416441E0
8.337224708E0	7.610402602E-1	-4.738326287E-1	-5.938195404E0	6.005486183E0
8.347195708E0	-4.368460661E-1	1.602891380E-1	-3.725500828E0	3.754448496E0
8.357167708E0	-1.011539072E-1	5.203118536E-1	-7.818119091E-1	9.445561916E-1
8.367139708E0	-7.902655211E-1	1.577250462E0	3.096324636E0	3.563630854E0
8.377111708E0	-2.744118771E0	4.098121077E0	5.438796995E0	7.342022674E0
8.387083708E0	-5.459565720E-1	3.312618406E0	4.492905198E0	5.608717001E0
8.397054708E0	2.598784472E0	8.465332773E-1	2.396658506E0	3.635143919E0
8.407026708E0	3.201419275E0	-1.207661994E0	-3.164214903E-1	3.436226917E0
8.416998708E0	3.319876555E0	-1.435835259E0	-2.532830803E0	4.415703240E0
8.426970708E0	3.208605795E0	-5.942700684E-1	-3.846402537E0	5.044117419E0
8.436942708E0	1.729120486E0	4.778806561E-1	-3.174701300E0	3.646499132E0
8.446913708E0	-1.953945343E0	2.428865554E0	2.720172084E0	4.137224487E0
8.456885708E0	-2.507396584E0	2.404019566E0	3.435614587E0	4.885672450E0
8.466857708E0	-2.054421266E0	1.248039357E0	2.423548096E0	3.413478336E0
8.476829708E0	-9.083810315E-1	7.517180443E-2	7.066196394E-1	1.153307510E0
8.486801708E0	3.337190160E-1	-1.012561750E0	-3.090487361E-2	1.066585576E0
8.496773708E0	-2.172708392E-2	-1.773452614E0	-3.457049310E-1	1.806963790E0
8.506744708E0	-1.018523571E0	-1.242393578E0	-8.210771316E-1	1.804189492E0
8.516717458E0	7.187523195E-1	6.068681869E-1	-9.615149724E-1	1.345141232E0
8.526689458E0	-6.945626807E-1	3.752637756E-1	-1.442826775E0	1.644685174E0
8.536661458E0	-1.677952087E0	2.632276154E-1	-1.515152155E0	2.276070745E0
8.546633458E0	-1.521605726E0	-5.050532520E-3	-1.789202381E0	2.348734693E0
8.556604458E0	-1.199315386E0	-3.157721570E-1	-2.173439294E0	2.502380430E0
8.566576458E0	-1.085668610E0	-3.890570650E-1	-2.085685451E0	2.383301393E0
8.576548458E0	-1.133968658E0	-4.505577868E-1	-1.752771304E0	2.135671904E0
8.586520458E0	-1.330983573E0	-4.702769369E-1	-1.467776844E0	2.036429849E0
8.596492458E0	-1.462269059E0	-4.673752561E-1	-1.169690468E0	1.929986068E0
8.606463458E0	-1.659463483E0	-5.026395214E-1	-9.965222526E-1	1.999880532E0
8.616435458E0	-1.830844497E0	-4.295662826E-1	-9.856189495E-1	2.123196523E0
8.626407458E0	-2.044635074E0	-3.277276665E-1	-5.773599207E-1	2.149716838E0
8.636379458E0	-2.422764862E0	-1.612328786E-1	2.306358200E-1	2.439052787E0
8.646351458E0	-2.768382085E0	-1.560174546E-1	7.207699013E-1	2.864924094E0
8.656322458E0	-2.474072717E0	-1.645114124E-2	4.503338385E-1	2.514777727E0
8.666294458E0	-1.905767210E0	1.070566714E-1	-6.330610818E-1	2.011013705E0
8.676266458E0	-1.763017673E0	-3.686377108E-3	-1.752641496E0	2.485959999E0
8.686238458E0	-2.051533326E0	-2.007238036E-1	-1.944412628E0	2.833693615E0
8.696210458E0	-2.321211005E0	-1.984188312E-1	-1.185298440E0	2.613871258E0
8.706182458E0	-2.484533386E0	-3.723886997E-2	1.375294358E-1	2.488615524E0
8.716153458E0	-2.608928514E0	1.699961007E-2	1.353941495E0	2.939379960E0
8.726125458E0	-2.733460174E0	-1.012454161E-1	2.249523264E0	3.541526517E0
8.736097458E0	-2.447303287E0	-1.055773258E-1	2.139859319E0	3.252604780E0
8.746069458E0	-2.147263064E0	-1.501258001E-1	1.276046643E0	2.502313221E0
8.756041458E0	-2.478204360E0	-5.877214792E-1	3.782815236E-1	2.574880638E0
8.766012458E0	-2.788438619E0	-5.999307579E-1	-5.526542652E-1	2.905294061E0
8.775984458E0	-3.405018739E0	3.585983339E-1	-2.909990246E0	4.493416140E0
8.785956458E0	-3.791815270E0	1.377604300E0	-2.008884612E0	4.506803084E0
8.795928458E0	-3.750887684E0	2.183885345E0	-5.001825213E-1	4.369061246E0
8.805900458E0	-3.566850372E0	1.841701315E0	-2.237770361E-1	4.020492690E0
8.815871458E0	-3.325112736E0	8.092792046E-1	7.374332964E-2	3.422973213E0
8.825843458E0	-3.412452596E0	1.890001363E-1	3.489477968E-1	3.435450238E0
8.835815458E0	-3.673734258E0	3.493506700E-2	7.945600086E-1	3.758838846E0
8.845787458E0	-3.275693239E0	-2.095191854E-1	1.340648435E0	3.545617395E0
8.855759458E0	-2.256542262E0	-2.458958834E-1	3.591307229E-1	2.298134600E0
8.865730458E0	-1.858209466E0	5.976728556E-1	-1.692630937E0	2.583632085E0
8.875702458E0	-2.410270239E0	1.072165343E0	-1.625758671E0	3.098714637E0
8.885674458E0	-2.925107637E0	1.113692268E0	-1.278294312E0	3.380917258E0
8.895646458E0	-3.167650727E0	1.358172833E0	-1.084466130E0	3.613130410E0
8.905618458E0	-2.962131914E0	1.225233754E0	-3.713028717E-1	3.226962822E0
8.915590458E0	-3.000934330E0	7.906754109E-1	6.309356189E-1	3.166836625E0
8.925561458E0	-2.788193328E0	4.260138068E-1	2.106824890E0	3.520542702E0
8.935533458E0	-2.467954483E0	2.150255084E-2	2.889453070E0	3.800026413E0
8.945505458E0	-1.876336273E0	-4.017028382E-1	1.420825456E0	2.387623915E0
8.955477458E0	-8.885105847E-1	-5.285888797E-1	-1.076591100E0	1.492617051E0
8.965449458E0	-6.390158862E-1	-1.646529150E-1	-1.937649153E0	2.046933347E0
8.975420458E0	-1.330452207E0	2.021259660E-1	-1.008213760E0	1.681503187E0
8.985392458E0	-2.168355432E0	6.968898726E-1	4.400082403E-1	2.319704297E0
8.995364458E0	-2.327627886E0	1.055385295E0	1.132934285E0	2.795573249E0
9.005336458E0	-2.294829099E0	9.401624027E-1	1.160530804E0	2.738060935E0
9.015308458E0	-2.290356856E0	6.830986297E-1	1.087203212E0	2.625713063E0
9.025279458E0	-2.160753467E0	4.008514836E-1	9.789197946E-1	2.405789148E0
9.035251458E0	-1.990321603E0	2.392803437E-1	1.127078884E0	2.299769983E0
9.045223458E0	-1.914464213E0	2.378638557E-1	1.006464858E0	2.175942082E0
9.055195458E0	-1.976415316E0	2.248181328E-1	7.246039206E-1	2.117028941E0
9.065167458E0	-2.255346945E0	3.124787128E-1	4.155095762E-1	2.314493680E0
9.075139458E0	-2.474162472E0	5.079104939E-1	3.300110042E-2	2.525973492E0
9.085110458E0	-2.644041629E0	6.709133247E-1	-4.387107432E-1	2.762887609E0
9.095082458E0	-2.835410179E0	8.417122480E-1	-7.156401390E-1	3.043052941E0
9.105054458E0	-2.934613456E0	9.693549192E-1	-5.790866035E-1	3.144351505E0
9.115026458E0	-3.074594629E0	1.012826629E0	-2.492586172E-1	3.246702907E0
9.124998458E0	-3.099270464E0	9.464580998E-1	5.231913149E-2	3.240987139E0
9.134969458E0	-3.198460291E0	7.218738556E-1	1.768408513E-1	3.283675195E0
9.144941458E0	-3.151807696E0	6.468909162E-1	1.692049724E-1	3.221954366E0
9.154913458E0	-3.105863199E0	6.548103851E-1	1.097300184E-1	3.176035820E0
9.164885458E0	-3.168902616E0	6.265636557E-1	2.219603062E-2	3.230327920E0
9.174857458E0	-3.081501360E0	5.814000544E-1	-2.185928947E-1	3.143478886E0
9.184828458E0	-3.058759199E0	5.860889366E-1	-6.910064042E-1	3.190140739E0
9.194800458E0	-2.956558933E0	7.065901110E-1	-9.165177244E-1	3.174982685E0
9.204772458E0	-2.770628000E0	7.500243983E-1	-6.544846952E-1	2.944022135E0
9.214744458E0	-2.757319445E0	6.050581813E-1	-5.139930600E-1	2.869336995E0
9.224716458E0	-2.951656627E0	4.800122586E-1	-4.437837875E-1	3.023182539E0
9.234688458E0	-3.071202659E0	4.566307050E-1	-3.880715168E-1	3.129120783E0
9.244659458E0	-3.156342212E0	4.195728064E-1	-3.533665377E-1	3.203655008E0
9.254631458E0	-3.196882420E0	3.539726016E-1	-3.519491726E-1	3.235617720E0
9.264603458E0	-3.263367308E0	3.317140058E-1	-2.808037609E-1	3.292180299E0
9.274575458E0	-3.336380321E0	4.057853642E-1	-2.621721929E-1	3.371176303E0
9.284547458E0	-3.266014635E0	4.572350147E-1	-5.898179984E-1	3.350194133E0
9.294518458E0	-3.143667495E0	5.154083785E-1	-7.771294588E-1	3.279057991E0
9.304490458E0	-3.272399795E0	6.055113405E-1	-5.944144946E-1	3.380617250E0
9.314462458E0	-3.371071851E0	6.450689238E-1	-3.867851293E-1	3.453960347E0
9.324434458E0	-3.307192190E0	5.750882775E-1	-3.725980300E-1	3.377436306E0
9.334406458E0	-3.158080882E0	4.987081459E-1	-5.990741408E-1	3.252856359E0
9.344377458E0	-3.226214685E0	4.357625771E-1	-6.926792926E-1	3.328386218E0
9.354349458E0	-3.259263732E0	4.784130451E-1	-3.940935642E-1	3.317678233E0
9.364321458E0	-3.259051771E0	4.716209194E-1	-2.170802200E-1	3.300146748E0
9.374293458E0	-3.388432235E0	3.826534867E-1	-2.787379396E-1	3.421343528E0
9.384265458E0	-3.377017300E0	3.218842515E-1	-1.899199033E-1	3.397635190E0
9.394237458E0	-3.278747824E0	2.754740238E-1	-1.806117207E-1	3.295253227E0
9.404208458E0	-3.466881988E0	4.468529910E-2	-4.161931157E-1	3.492060166E0
9.414180458E0	-3.379987978E0	1.839232913E-1	-1.246187836E0	3.607094486E0
9.424152458E0	-2.905580860E0	6.932745391E-1	-3.712545737E0	4.765084005E0
9.434124458E0	-3.428849359E0	1.169029440E0	-7.357551455E-1	3.696616479E0
9.444096458E0	-4.528258925E0	1.030744252E0	2.010535281E0	5.060614066E0
9.454067458E0	-3.494529378E0	4.777710208E-1	2.414508886E0	4.274324962E0
9.464039458E0	-2.713835456E0	-2.621657610E-2	1.528544033E0	3.114809312E0
9.474011458E0	-2.724929379E0	-7.953470439E-2	-2.966304195E-1	2.742180792E0
9.483983458E0	-2.227527355E0	6.325897962E-1	-1.964969099E0	3.036964196E0